-- --------------------------------------------------------
-- Host:                         127.0.0.1
-- Server version:               8.2.0 - MySQL Community Server - GPL
-- Server OS:                    Win64
-- HeidiSQL Version:             12.6.0.6765
-- --------------------------------------------------------

/*!40101 SET @OLD_CHARACTER_SET_CLIENT=@@CHARACTER_SET_CLIENT */;
/*!40101 SET NAMES utf8 */;
/*!50503 SET NAMES utf8mb4 */;
/*!40103 SET @OLD_TIME_ZONE=@@TIME_ZONE */;
/*!40103 SET TIME_ZONE='+00:00' */;
/*!40014 SET @OLD_FOREIGN_KEY_CHECKS=@@FOREIGN_KEY_CHECKS, FOREIGN_KEY_CHECKS=0 */;
/*!40101 SET @OLD_SQL_MODE=@@SQL_MODE, SQL_MODE='NO_AUTO_VALUE_ON_ZERO' */;
/*!40111 SET @OLD_SQL_NOTES=@@SQL_NOTES, SQL_NOTES=0 */;


-- Dumping database structure for timekeeper
CREATE DATABASE IF NOT EXISTS `timekeeper` /*!40100 DEFAULT CHARACTER SET utf8mb4 COLLATE utf8mb4_general_ci */ /*!80016 DEFAULT ENCRYPTION='N' */;
USE `timekeeper`;

-- Dumping structure for table timekeeper.room
CREATE TABLE IF NOT EXISTS `room` (
  `room_id` int NOT NULL AUTO_INCREMENT,
  `description` text CHARACTER SET utf8mb4 COLLATE utf8mb4_general_ci,
  PRIMARY KEY (`room_id`)
) ENGINE=InnoDB AUTO_INCREMENT=4 DEFAULT CHARSET=utf8mb4 COLLATE=utf8mb4_general_ci;

-- Dumping data for table timekeeper.room: ~3 rows (approximately)
REPLACE INTO `room` (`room_id`, `description`) VALUES
	(0, 'Marketing'),
	(1, 'IT'),
	(2, 'BO');

-- Dumping structure for table timekeeper.timekeeping_action
CREATE TABLE IF NOT EXISTS `timekeeping_action` (
  `action_id` int NOT NULL AUTO_INCREMENT,
  `user_id` int NOT NULL,
  `action_time` timestamp NOT NULL,
  PRIMARY KEY (`action_id`),
  KEY `FK__user` (`user_id`),
  CONSTRAINT `FK__user` FOREIGN KEY (`user_id`) REFERENCES `user` (`user_id`)
) ENGINE=InnoDB AUTO_INCREMENT=491 DEFAULT CHARSET=utf8mb4 COLLATE=utf8mb4_general_ci;

-- Dumping data for table timekeeper.timekeeping_action: ~479 rows (approximately)
REPLACE INTO `timekeeping_action` (`action_id`, `user_id`, `action_time`) VALUES
	(1, 1, '2024-01-01 07:59:01'),
	(3, 3, '2024-01-01 08:30:05'),
	(4, 4, '2024-01-01 08:00:07'),
	(5, 5, '2024-01-01 07:40:09'),
	(6, 1, '2024-01-01 11:30:21'),
	(8, 3, '2024-01-01 12:00:25'),
	(9, 4, '2024-01-01 12:15:27'),
	(10, 5, '2024-01-01 12:00:29'),
	(11, 1, '2024-01-01 13:00:41'),
	(13, 3, '2024-01-01 13:30:45'),
	(14, 4, '2024-01-01 12:45:47'),
	(15, 5, '2024-01-01 13:15:49'),
	(16, 1, '2024-01-01 17:30:51'),
	(18, 3, '2024-01-01 17:00:55'),
	(19, 4, '2024-01-01 17:15:57'),
	(20, 5, '2024-01-01 17:30:59'),
	(21, 6, '2024-01-01 07:59:01'),
	(22, 7, '2024-01-01 07:58:03'),
	(23, 8, '2024-01-01 08:30:05'),
	(24, 9, '2024-01-01 08:00:07'),
	(25, 10, '2024-01-01 07:40:09'),
	(26, 6, '2024-01-01 11:30:21'),
	(27, 7, '2024-01-01 11:45:23'),
	(28, 8, '2024-01-01 12:00:25'),
	(29, 9, '2024-01-01 12:15:27'),
	(30, 10, '2024-01-01 12:00:29'),
	(31, 6, '2024-01-01 13:00:41'),
	(32, 7, '2024-01-01 13:15:43'),
	(33, 8, '2024-01-01 13:30:45'),
	(34, 9, '2024-01-01 12:45:47'),
	(35, 10, '2024-01-01 13:15:49'),
	(36, 6, '2024-01-01 17:30:51'),
	(37, 7, '2024-01-01 16:45:53'),
	(38, 8, '2024-01-01 17:00:55'),
	(39, 9, '2024-01-01 17:15:57'),
	(40, 10, '2024-01-01 17:30:59'),
	(41, 11, '2024-01-01 07:59:01'),
	(42, 12, '2024-01-01 07:58:03'),
	(43, 13, '2024-01-01 08:30:05'),
	(44, 14, '2024-01-01 08:00:07'),
	(45, 15, '2024-01-01 07:40:09'),
	(46, 11, '2024-01-01 11:30:21'),
	(47, 12, '2024-01-01 11:45:23'),
	(48, 13, '2024-01-01 12:00:25'),
	(49, 14, '2024-01-01 12:15:27'),
	(50, 15, '2024-01-01 12:00:29'),
	(51, 11, '2024-01-01 13:00:41'),
	(52, 12, '2024-01-01 13:15:43'),
	(53, 13, '2024-01-01 13:30:45'),
	(54, 14, '2024-01-01 12:45:47'),
	(55, 15, '2024-01-01 13:15:49'),
	(56, 11, '2024-01-01 17:30:51'),
	(57, 12, '2024-01-01 16:45:53'),
	(58, 13, '2024-01-01 17:00:55'),
	(59, 14, '2024-01-01 17:15:57'),
	(60, 15, '2024-01-01 17:30:59'),
	(61, 16, '2024-01-01 07:59:01'),
	(62, 17, '2024-01-01 07:58:03'),
	(63, 18, '2024-01-01 08:30:05'),
	(64, 19, '2024-01-01 08:00:07'),
	(65, 20, '2024-01-01 07:40:09'),
	(66, 16, '2024-01-01 11:30:21'),
	(67, 17, '2024-01-01 11:45:23'),
	(68, 18, '2024-01-01 12:00:25'),
	(69, 19, '2024-01-01 12:15:27'),
	(70, 20, '2024-01-01 12:00:29'),
	(71, 16, '2024-01-01 13:00:41'),
	(72, 17, '2024-01-01 13:15:43'),
	(73, 18, '2024-01-01 13:30:45'),
	(74, 19, '2024-01-01 12:45:47'),
	(75, 20, '2024-01-01 13:15:49'),
	(76, 16, '2024-01-01 17:30:51'),
	(77, 17, '2024-01-01 16:45:53'),
	(78, 18, '2024-01-01 17:00:55'),
	(79, 19, '2024-01-01 17:15:57'),
	(80, 20, '2024-01-01 17:30:59'),
	(81, 1, '2024-01-02 07:59:01'),
	(82, 2, '2024-01-02 07:58:03'),
	(83, 3, '2024-01-02 08:30:05'),
	(84, 4, '2024-01-02 08:00:07'),
	(85, 5, '2024-01-02 07:40:09'),
	(86, 1, '2024-01-02 11:30:21'),
	(87, 2, '2024-01-02 11:45:23'),
	(88, 3, '2024-01-02 12:00:25'),
	(89, 4, '2024-01-02 12:15:27'),
	(90, 5, '2024-01-02 12:00:29'),
	(91, 1, '2024-01-02 13:00:41'),
	(92, 2, '2024-01-02 13:15:43'),
	(93, 3, '2024-01-02 13:30:45'),
	(94, 4, '2024-01-02 12:45:47'),
	(95, 5, '2024-01-02 13:15:49'),
	(96, 1, '2024-01-02 17:30:51'),
	(97, 2, '2024-01-02 16:45:53'),
	(98, 3, '2024-01-02 17:00:55'),
	(99, 4, '2024-01-02 17:15:57'),
	(100, 5, '2024-01-02 17:30:59'),
	(101, 6, '2024-01-01 07:59:01'),
	(102, 7, '2024-01-02 07:58:03'),
	(103, 8, '2024-01-02 08:30:05'),
	(104, 9, '2024-01-02 08:00:07'),
	(105, 10, '2024-01-02 07:40:09'),
	(106, 6, '2024-01-02 11:30:21'),
	(107, 7, '2024-01-02 11:45:23'),
	(108, 8, '2024-01-02 12:00:25'),
	(109, 9, '2024-01-02 12:15:27'),
	(110, 10, '2024-01-02 12:00:29'),
	(111, 6, '2024-01-02 13:00:41'),
	(112, 7, '2024-01-02 13:15:43'),
	(113, 8, '2024-01-02 13:30:45'),
	(114, 9, '2024-01-02 12:45:47'),
	(115, 10, '2024-01-02 13:15:49'),
	(116, 6, '2024-01-02 17:30:51'),
	(117, 7, '2024-01-02 16:45:53'),
	(118, 8, '2024-01-02 17:00:55'),
	(119, 9, '2024-01-02 17:15:57'),
	(120, 10, '2024-01-02 17:30:59'),
	(121, 11, '2024-01-02 07:59:01'),
	(122, 12, '2024-01-02 07:58:03'),
	(123, 13, '2024-01-02 08:30:05'),
	(124, 14, '2024-01-02 08:00:07'),
	(125, 15, '2024-01-02 07:40:09'),
	(126, 11, '2024-01-02 11:30:21'),
	(127, 12, '2024-01-02 11:45:23'),
	(128, 13, '2024-01-02 12:00:25'),
	(129, 14, '2024-01-02 12:15:27'),
	(130, 15, '2024-01-02 12:00:29'),
	(131, 11, '2024-01-02 13:00:41'),
	(132, 12, '2024-01-02 13:15:43'),
	(133, 13, '2024-01-02 13:30:45'),
	(134, 14, '2024-01-02 12:45:47'),
	(135, 15, '2024-01-02 13:15:49'),
	(136, 11, '2024-01-02 17:30:51'),
	(137, 12, '2024-01-02 16:45:53'),
	(138, 13, '2024-01-02 17:00:55'),
	(139, 14, '2024-01-02 17:15:57'),
	(140, 15, '2024-01-02 17:30:59'),
	(141, 16, '2024-01-02 07:59:01'),
	(142, 17, '2024-01-02 07:58:03'),
	(143, 18, '2024-01-02 08:30:05'),
	(144, 19, '2024-01-02 08:00:07'),
	(145, 20, '2024-01-02 07:40:09'),
	(146, 16, '2024-01-02 11:30:21'),
	(147, 17, '2024-01-02 11:45:23'),
	(148, 18, '2024-01-02 12:00:25'),
	(149, 19, '2024-01-02 12:15:27'),
	(150, 20, '2024-01-02 12:00:29'),
	(151, 16, '2024-01-02 13:00:41'),
	(152, 17, '2024-01-02 13:15:43'),
	(153, 18, '2024-01-02 13:30:45'),
	(154, 19, '2024-01-02 12:45:47'),
	(155, 20, '2024-01-02 13:15:49'),
	(156, 16, '2024-01-02 17:30:51'),
	(157, 17, '2024-01-02 16:45:53'),
	(158, 18, '2024-01-02 17:00:55'),
	(159, 19, '2024-01-02 17:15:57'),
	(160, 20, '2024-01-02 17:30:59'),
	(161, 1, '2024-01-03 07:55:01'),
	(162, 2, '2024-01-03 07:49:03'),
	(163, 3, '2024-01-03 08:20:05'),
	(164, 4, '2024-01-03 08:00:07'),
	(165, 5, '2024-01-03 07:10:09'),
	(166, 1, '2024-01-03 11:59:21'),
	(167, 2, '2024-01-03 11:45:23'),
	(168, 3, '2024-01-03 12:00:25'),
	(169, 4, '2024-01-03 12:15:27'),
	(170, 5, '2024-01-03 12:00:29'),
	(171, 1, '2024-01-03 13:00:41'),
	(172, 2, '2024-01-03 13:15:43'),
	(173, 3, '2024-01-03 12:59:45'),
	(174, 4, '2024-01-03 12:49:47'),
	(175, 5, '2024-01-03 13:15:49'),
	(176, 1, '2024-01-03 17:30:51'),
	(177, 2, '2024-01-03 16:45:53'),
	(178, 3, '2024-01-03 17:00:55'),
	(179, 4, '2024-01-03 17:15:57'),
	(180, 5, '2024-01-03 17:30:59'),
	(181, 6, '2024-01-03 07:59:01'),
	(182, 7, '2024-01-03 07:58:03'),
	(183, 8, '2024-01-03 08:30:05'),
	(184, 9, '2024-01-03 08:00:07'),
	(185, 10, '2024-01-03 07:40:09'),
	(186, 6, '2024-01-03 11:30:21'),
	(187, 7, '2024-01-03 11:45:23'),
	(188, 8, '2024-01-03 12:00:25'),
	(189, 9, '2024-01-03 12:15:27'),
	(190, 10, '2024-01-03 12:00:29'),
	(191, 6, '2024-01-03 13:00:41'),
	(192, 7, '2024-01-03 13:15:43'),
	(193, 8, '2024-01-03 13:30:45'),
	(194, 9, '2024-01-03 12:45:47'),
	(195, 10, '2024-01-03 13:15:49'),
	(196, 6, '2024-01-03 17:30:51'),
	(197, 7, '2024-01-03 16:45:53'),
	(198, 8, '2024-01-03 17:00:55'),
	(199, 9, '2024-01-03 17:15:57'),
	(200, 10, '2024-01-03 17:30:59'),
	(201, 11, '2024-01-03 07:59:01'),
	(202, 12, '2024-01-03 07:58:03'),
	(203, 13, '2024-01-03 08:30:05'),
	(204, 14, '2024-01-03 08:00:07'),
	(205, 15, '2024-01-03 07:40:09'),
	(206, 11, '2024-01-03 11:30:21'),
	(207, 12, '2024-01-03 11:45:23'),
	(208, 13, '2024-01-03 12:00:25'),
	(209, 14, '2024-01-03 12:15:27'),
	(210, 15, '2024-01-03 12:00:29'),
	(211, 11, '2024-01-03 13:00:41'),
	(212, 12, '2024-01-03 13:15:43'),
	(213, 13, '2024-01-03 13:30:45'),
	(214, 14, '2024-01-03 12:45:47'),
	(215, 15, '2024-01-03 13:15:49'),
	(216, 11, '2024-01-03 17:30:51'),
	(217, 12, '2024-01-03 16:45:53'),
	(218, 13, '2024-01-03 17:00:55'),
	(219, 14, '2024-01-03 17:15:57'),
	(220, 15, '2024-01-03 17:30:59'),
	(221, 16, '2024-01-03 07:59:01'),
	(222, 17, '2024-01-03 07:58:03'),
	(223, 18, '2024-01-03 08:30:05'),
	(224, 19, '2024-01-03 08:00:07'),
	(225, 20, '2024-01-03 07:40:09'),
	(226, 16, '2024-01-03 11:30:21'),
	(227, 17, '2024-01-03 11:45:23'),
	(228, 18, '2024-01-03 12:00:25'),
	(229, 19, '2024-01-03 12:15:27'),
	(230, 20, '2024-01-03 12:00:29'),
	(231, 16, '2024-01-03 13:00:41'),
	(232, 17, '2024-01-03 13:15:43'),
	(233, 18, '2024-01-03 13:30:45'),
	(234, 19, '2024-01-03 12:45:47'),
	(235, 20, '2024-01-03 13:15:49'),
	(236, 16, '2024-01-03 17:30:51'),
	(237, 17, '2024-01-03 16:45:53'),
	(238, 18, '2024-01-03 17:00:55'),
	(239, 19, '2024-01-03 17:15:57'),
	(240, 20, '2024-01-03 17:30:59'),
	(241, 6, '2024-02-01 07:59:01'),
	(242, 7, '2024-02-01 07:58:03'),
	(243, 8, '2024-02-01 08:30:05'),
	(244, 9, '2024-02-01 08:00:07'),
	(245, 10, '2024-02-01 07:40:09'),
	(246, 6, '2024-02-01 11:30:21'),
	(247, 7, '2024-02-01 11:45:23'),
	(248, 8, '2024-02-01 12:00:25'),
	(249, 9, '2024-02-01 12:15:27'),
	(250, 10, '2024-02-01 12:00:29'),
	(251, 6, '2024-02-01 13:00:41'),
	(252, 7, '2024-02-01 13:15:43'),
	(253, 8, '2024-02-01 13:30:45'),
	(254, 9, '2024-02-01 12:45:47'),
	(255, 10, '2024-02-01 13:15:49'),
	(256, 6, '2024-02-01 17:30:51'),
	(257, 7, '2024-02-01 16:45:53'),
	(258, 8, '2024-02-01 17:00:55'),
	(259, 9, '2024-02-01 17:15:57'),
	(260, 10, '2024-02-01 17:30:59'),
	(261, 1, '2024-02-01 07:59:01'),
	(262, 2, '2024-02-01 07:58:03'),
	(263, 3, '2024-02-01 08:30:05'),
	(264, 4, '2024-02-01 08:00:07'),
	(265, 5, '2024-02-01 07:40:09'),
	(266, 1, '2024-02-01 11:30:21'),
	(267, 2, '2024-02-01 11:45:23'),
	(268, 3, '2024-02-01 12:00:25'),
	(269, 4, '2024-02-01 12:15:27'),
	(270, 5, '2024-02-01 12:00:29'),
	(271, 1, '2024-02-01 13:00:41'),
	(272, 2, '2024-02-01 13:15:43'),
	(273, 3, '2024-02-01 13:30:45'),
	(274, 4, '2024-02-01 12:45:47'),
	(275, 5, '2024-02-01 13:15:49'),
	(276, 1, '2024-02-01 17:30:51'),
	(277, 2, '2024-02-01 16:45:53'),
	(278, 3, '2024-02-01 17:00:55'),
	(279, 4, '2024-02-01 17:15:57'),
	(280, 5, '2024-02-01 17:30:59'),
	(281, 11, '2024-02-01 07:59:01'),
	(282, 12, '2024-02-01 07:58:03'),
	(283, 13, '2024-02-01 08:30:05'),
	(284, 14, '2024-02-01 08:00:07'),
	(285, 15, '2024-02-01 07:40:09'),
	(286, 11, '2024-02-01 11:30:21'),
	(287, 12, '2024-02-01 11:45:23'),
	(288, 13, '2024-02-01 12:00:25'),
	(289, 14, '2024-02-01 12:15:27'),
	(290, 15, '2024-02-01 12:00:29'),
	(291, 11, '2024-02-01 13:00:41'),
	(292, 12, '2024-02-01 13:15:43'),
	(293, 13, '2024-02-01 13:30:45'),
	(294, 14, '2024-02-01 12:45:47'),
	(295, 15, '2024-02-01 13:15:49'),
	(296, 11, '2024-02-01 17:30:51'),
	(297, 12, '2024-02-01 16:45:53'),
	(298, 13, '2024-02-01 17:00:55'),
	(299, 14, '2024-02-01 17:15:57'),
	(300, 15, '2024-02-01 17:30:59'),
	(301, 16, '2024-02-01 07:59:01'),
	(302, 17, '2024-02-01 07:58:03'),
	(303, 18, '2024-02-01 08:30:05'),
	(304, 19, '2024-02-01 08:00:07'),
	(305, 20, '2024-02-01 07:40:09'),
	(306, 16, '2024-02-01 11:30:21'),
	(307, 17, '2024-02-01 11:45:23'),
	(308, 18, '2024-02-01 12:00:25'),
	(309, 19, '2024-02-01 12:15:27'),
	(310, 20, '2024-02-01 12:00:29'),
	(311, 16, '2024-02-01 13:00:41'),
	(312, 17, '2024-02-01 13:15:43'),
	(313, 18, '2024-02-01 13:30:45'),
	(314, 19, '2024-02-01 12:45:47'),
	(315, 20, '2024-02-01 13:15:49'),
	(316, 16, '2024-02-01 17:30:51'),
	(317, 17, '2024-02-01 16:45:53'),
	(318, 18, '2024-02-01 17:00:55'),
	(319, 19, '2024-02-01 17:15:57'),
	(320, 20, '2024-02-01 17:30:59'),
	(321, 1, '2024-02-02 07:59:01'),
	(322, 2, '2024-02-02 07:58:03'),
	(323, 3, '2024-02-02 08:30:05'),
	(324, 4, '2024-02-02 08:00:07'),
	(325, 5, '2024-02-02 07:40:09'),
	(326, 1, '2024-02-02 11:30:21'),
	(327, 2, '2024-02-02 11:45:23'),
	(328, 3, '2024-02-02 12:00:25'),
	(329, 4, '2024-02-02 12:15:27'),
	(330, 5, '2024-02-02 12:00:29'),
	(331, 1, '2024-02-02 13:00:41'),
	(332, 2, '2024-02-02 13:15:43'),
	(333, 3, '2024-02-02 13:30:45'),
	(334, 4, '2024-02-02 12:45:47'),
	(335, 5, '2024-02-02 13:15:49'),
	(336, 1, '2024-02-02 17:30:51'),
	(337, 2, '2024-02-02 16:45:53'),
	(338, 3, '2024-02-02 17:00:55'),
	(339, 4, '2024-02-02 17:15:57'),
	(340, 5, '2024-02-02 17:30:59'),
	(341, 6, '2024-02-02 07:59:01'),
	(342, 7, '2024-02-02 07:58:03'),
	(343, 8, '2024-02-02 08:30:05'),
	(344, 9, '2024-02-02 08:00:07'),
	(345, 10, '2024-02-02 07:40:09'),
	(346, 6, '2024-02-02 11:30:21'),
	(347, 7, '2024-02-02 11:45:23'),
	(348, 8, '2024-02-02 12:00:25'),
	(349, 9, '2024-02-02 12:15:27'),
	(350, 10, '2024-02-02 12:00:29'),
	(351, 6, '2024-02-02 13:00:41'),
	(352, 7, '2024-02-02 13:15:43'),
	(353, 8, '2024-02-02 13:30:45'),
	(354, 9, '2024-02-02 12:45:47'),
	(355, 10, '2024-02-02 13:15:49'),
	(356, 6, '2024-02-02 17:30:51'),
	(357, 7, '2024-02-02 16:45:53'),
	(358, 8, '2024-02-02 17:00:55'),
	(359, 9, '2024-02-02 17:15:57'),
	(361, 11, '2024-02-02 07:59:01'),
	(362, 12, '2024-02-02 07:58:03'),
	(363, 13, '2024-02-02 08:30:05'),
	(364, 14, '2024-02-02 08:00:07'),
	(365, 15, '2024-02-02 07:40:09'),
	(366, 11, '2024-02-02 11:30:21'),
	(367, 12, '2024-02-02 11:45:23'),
	(368, 13, '2024-02-02 12:00:25'),
	(369, 14, '2024-02-02 12:15:27'),
	(370, 15, '2024-02-02 12:00:29'),
	(371, 11, '2024-02-02 13:00:41'),
	(372, 12, '2024-02-02 13:15:43'),
	(373, 13, '2024-02-02 13:30:45'),
	(374, 14, '2024-02-02 12:45:47'),
	(375, 15, '2024-02-02 13:15:49'),
	(376, 11, '2024-02-02 17:30:51'),
	(377, 12, '2024-02-02 16:45:53'),
	(378, 13, '2024-02-02 17:00:55'),
	(379, 14, '2024-02-02 17:15:57'),
	(380, 15, '2024-02-02 17:30:59'),
	(381, 16, '2024-02-02 07:59:01'),
	(382, 17, '2024-02-02 07:58:03'),
	(383, 18, '2024-02-02 08:30:05'),
	(384, 19, '2024-02-02 08:00:07'),
	(385, 20, '2024-02-02 07:40:09'),
	(386, 16, '2024-02-02 11:30:21'),
	(387, 17, '2024-02-02 11:45:23'),
	(388, 18, '2024-02-02 12:00:25'),
	(389, 19, '2024-02-02 12:15:27'),
	(390, 20, '2024-02-02 12:00:29'),
	(391, 16, '2024-02-02 13:00:41'),
	(392, 17, '2024-02-02 13:15:43'),
	(393, 18, '2024-02-02 13:30:45'),
	(394, 19, '2024-02-02 12:45:47'),
	(395, 20, '2024-02-02 13:15:49'),
	(396, 16, '2024-02-02 17:30:51'),
	(397, 17, '2024-02-02 16:45:53'),
	(398, 18, '2024-02-02 17:00:55'),
	(399, 19, '2024-02-02 17:15:57'),
	(400, 20, '2024-02-02 17:30:59'),
	(401, 1, '2024-02-03 07:59:01'),
	(402, 2, '2024-02-03 07:58:03'),
	(403, 3, '2024-02-03 08:30:05'),
	(404, 4, '2024-02-03 08:00:07'),
	(405, 5, '2024-02-03 07:40:09'),
	(406, 1, '2024-02-03 11:30:21'),
	(407, 2, '2024-02-03 11:45:23'),
	(408, 3, '2024-02-03 12:00:25'),
	(409, 4, '2024-02-03 12:15:27'),
	(410, 5, '2024-02-03 12:00:29'),
	(411, 1, '2024-02-03 13:00:41'),
	(412, 2, '2024-02-03 13:15:43'),
	(413, 3, '2024-02-03 13:30:45'),
	(414, 4, '2024-02-03 12:45:47'),
	(415, 5, '2024-02-03 13:15:49'),
	(416, 1, '2024-02-03 17:30:51'),
	(417, 2, '2024-02-03 16:45:53'),
	(418, 3, '2024-02-03 17:00:55'),
	(419, 4, '2024-02-03 17:15:57'),
	(420, 5, '2024-02-03 17:30:59'),
	(421, 6, '2024-02-03 07:59:01'),
	(422, 7, '2024-02-03 07:58:03'),
	(423, 8, '2024-02-03 08:30:05'),
	(424, 9, '2024-02-03 08:00:07'),
	(425, 10, '2024-02-03 07:40:09'),
	(426, 6, '2024-02-03 11:30:21'),
	(427, 7, '2024-02-03 11:45:23'),
	(428, 8, '2024-02-03 12:00:25'),
	(429, 9, '2024-02-03 12:15:27'),
	(430, 10, '2024-02-03 12:00:29'),
	(431, 6, '2024-02-03 13:00:41'),
	(432, 7, '2024-02-03 13:15:43'),
	(433, 8, '2024-02-03 13:30:45'),
	(434, 9, '2024-02-03 12:45:47'),
	(435, 10, '2024-02-03 13:15:49'),
	(436, 6, '2024-02-03 17:30:51'),
	(437, 7, '2024-02-03 16:45:53'),
	(438, 8, '2024-02-03 17:00:55'),
	(439, 9, '2024-02-03 17:15:57'),
	(440, 10, '2024-02-03 17:30:59'),
	(441, 11, '2024-02-03 07:59:01'),
	(442, 12, '2024-02-03 07:58:03'),
	(443, 13, '2024-02-03 08:30:05'),
	(444, 14, '2024-02-03 08:00:07'),
	(445, 15, '2024-02-03 07:40:09'),
	(446, 11, '2024-02-03 11:30:21'),
	(447, 12, '2024-02-03 11:45:23'),
	(448, 13, '2024-02-03 12:00:25'),
	(449, 14, '2024-02-03 12:15:27'),
	(450, 15, '2024-02-03 12:00:29'),
	(451, 11, '2024-02-03 13:00:41'),
	(452, 12, '2024-02-03 13:15:43'),
	(453, 13, '2024-02-03 13:30:45'),
	(454, 14, '2024-02-03 12:45:47'),
	(455, 15, '2024-02-03 13:15:49'),
	(456, 11, '2024-02-03 17:30:51'),
	(457, 12, '2024-02-03 16:45:53'),
	(458, 13, '2024-02-03 17:00:55'),
	(459, 14, '2024-02-03 17:15:57'),
	(460, 15, '2024-02-03 17:30:59'),
	(461, 16, '2024-02-03 07:59:01'),
	(462, 17, '2024-02-03 07:58:03'),
	(463, 18, '2024-02-03 08:30:05'),
	(464, 19, '2024-02-03 08:00:07'),
	(465, 20, '2024-02-03 07:40:09'),
	(466, 16, '2024-02-03 11:30:21'),
	(467, 17, '2024-02-03 11:45:23'),
	(468, 18, '2024-02-03 12:00:25'),
	(469, 19, '2024-02-03 12:15:27'),
	(470, 20, '2024-02-03 12:00:29'),
	(471, 16, '2024-02-03 13:00:41'),
	(472, 17, '2024-02-03 13:15:43'),
	(473, 18, '2024-02-03 13:30:45'),
	(474, 19, '2024-02-03 12:45:47'),
	(475, 20, '2024-02-03 13:15:49'),
	(476, 16, '2024-02-03 17:30:51'),
	(477, 17, '2024-02-03 16:45:53'),
	(478, 18, '2024-02-03 17:00:55'),
	(479, 19, '2024-02-03 17:15:57'),
	(480, 20, '2024-02-03 17:30:59'),
	(489, 2, '2024-01-01 05:58:00'),
	(490, 2, '2024-01-01 15:45:00');

-- Dumping structure for table timekeeper.timekeeping_request
CREATE TABLE IF NOT EXISTS `timekeeping_request` (
  `request_id` int NOT NULL AUTO_INCREMENT,
  `user_id` int DEFAULT NULL,
  `request_time` timestamp NULL DEFAULT NULL,
  `content` text CHARACTER SET utf8mb4 COLLATE utf8mb4_general_ci,
  `status` varchar(50) CHARACTER SET utf8mb4 COLLATE utf8mb4_general_ci NOT NULL DEFAULT 'Chưa xử lý',
  `description` text COLLATE utf8mb4_general_ci,
  PRIMARY KEY (`request_id`)
) ENGINE=InnoDB AUTO_INCREMENT=36 DEFAULT CHARSET=utf8mb4 COLLATE=utf8mb4_general_ci;

-- Dumping data for table timekeeper.timekeeping_request: ~2 rows (approximately)
REPLACE INTO `timekeeping_request` (`request_id`, `user_id`, `request_time`, `content`, `status`, `description`) VALUES
	(11, 2, '2024-01-01 10:34:36', 'Đề nghị sửa ngày: 1/1/2024 đi làm từ 8:31 đến 17:30', 'Đã xử lý', 'Ghi chú:'),
	(12, 2, '2024-01-01 10:35:38', 'Đề nghị sửa ngày: 2/1/2024 đi làm từ 9:31 đến 16:30', 'Đã xử lý', 'Ghi chú:'),
	(13, 2, '2024-01-04 10:44:23', 'Đề nghị sửa ngày: 1/1/2024 đi làm từ 12:58 đến 22:45', 'Chưa xử lý', 'Ghi chú: aaaa'),
	(14, 2, '2024-01-04 11:53:42', 'Đề nghị sửa ngày: 1/1/2024 đi làm từ 12:58 đến 22:45', 'Chưa xử lý', 'Ghi chú:'),
	(15, 2, '2024-01-04 17:27:36', 'Đề nghị sửa ngày: 11/11/2023 đi làm từ 12:58 đến 22:45', 'Chưa xử lý', 'Ghi chú:'),
	(16, 2, '2024-01-04 17:29:37', 'Đề nghị sửa ngày: 1/1/2024 đi làm từ 12:58 đến 22:45', 'Chưa xử lý', 'Ghi chú:'),
	(17, 2, '2024-01-04 17:30:29', 'Đề nghị sửa ngày: 1/1/2024 đi làm từ 23:58 đến 22:45', 'Chưa xử lý', 'Ghi chú:'),
	(18, 2, '2024-01-04 17:30:40', 'Đề nghị sửa ngày: 1/1/2024 đi làm từ 23:58 đến 22:45', 'Chưa xử lý', 'Ghi chú:'),
	(19, 2, '2024-01-04 17:31:31', 'Đề nghị sửa ngày: 1/1/2024 đi làm từ 23:58 đến 22:45', 'Chưa xử lý', 'Ghi chú:'),
	(20, 2, '2024-01-04 17:31:55', 'Đề nghị sửa ngày: 1/1/2024 đi làm từ 23:58 đến 22:45', 'Chưa xử lý', 'Ghi chú:'),
	(21, 2, '2024-01-04 17:33:49', 'Đề nghị sửa ngày: 1/1/2024 đi làm từ 23:58 đến 22:45', 'Chưa xử lý', 'Ghi chú:'),
	(22, 2, '2024-01-04 17:35:21', 'Đề nghị sửa ngày: 1/1/2024 đi làm từ 23:58 đến 22:45', 'Chưa xử lý', 'Ghi chú:'),
	(23, 2, '2024-01-04 17:36:47', 'Đề nghị sửa ngày: 1/1/2024 đi làm từ 23:58 đến 22:45', 'Chưa xử lý', 'Ghi chú:'),
	(24, 2, '2024-01-04 17:37:20', 'Đề nghị sửa ngày: 1/1/2024 đi làm từ 23:58 đến 22:45', 'Chưa xử lý', 'Ghi chú:'),
	(25, 2, '2024-01-04 17:39:59', 'Đề nghị sửa ngày: 1/1/2024 đi làm từ 12:58 đến 8:45', 'Chưa xử lý', 'Ghi chú:'),
	(26, 2, '2024-01-04 17:41:07', 'Đề nghị sửa ngày: 1/1/2024 đi làm từ 23:58 đến 22:45', 'Chưa xử lý', 'Ghi chú:'),
	(27, 2, '2024-01-04 17:42:05', 'Đề nghị sửa ngày: 1/1/2024 đi làm từ 23:58 đến 22:45', 'Chưa xử lý', 'Ghi chú:'),
	(28, 2, '2024-01-04 17:43:15', 'Đề nghị sửa ngày: 1/1/2024 đi làm từ 23:58 đến 22:45', 'Chưa xử lý', 'Ghi chú:'),
	(29, 2, '2024-01-04 17:44:24', 'Đề nghị sửa ngày: 1/1/2024 đi làm từ 23:58 đến 22:45', 'Chưa xử lý', 'Ghi chú:'),
	(30, 2, '2024-01-04 17:44:59', 'Đề nghị sửa ngày: 1/1/2024 đi làm từ 23:58 đến 22:45', 'Chưa xử lý', 'Ghi chú:'),
	(31, 2, '2024-01-04 17:45:24', 'Đề nghị sửa ngày: 1/1/2024 đi làm từ 23:58 đến 22:45', 'Chưa xử lý', 'Ghi chú:'),
	(32, 2, '2024-01-04 18:06:32', 'Đề nghị sửa ngày: 1/1/2024 đi làm từ 2:58 đến 22:45', 'Chưa xử lý', 'Ghi chú:'),
	(33, 2, '2024-01-04 18:06:40', 'Đề nghị sửa ngày: 1/1/2024 đi làm từ 20:58 đến 22:45', 'Chưa xử lý', 'Ghi chú:'),
	(34, 2, '2024-01-04 18:06:52', 'Đề nghị sửa ngày: 29/2/2022 đi làm từ 12:58 đến 22:45', 'Chưa xử lý', 'Ghi chú:'),
	(35, 2, '2024-01-04 18:11:30', 'Đề nghị sửa ngày: 25/10/2000 đi làm từ 8:30 đến 17:30', 'Chưa xử lý', 'Ghi chú: chấm công bị nhầm');

-- Dumping structure for table timekeeper.user
CREATE TABLE IF NOT EXISTS `user` (
  `user_id` int NOT NULL AUTO_INCREMENT,
  `username` varchar(50) CHARACTER SET utf8mb4 COLLATE utf8mb4_general_ci NOT NULL,
  `fullname` varchar(255) CHARACTER SET utf8mb4 COLLATE utf8mb4_general_ci NOT NULL,
  `password` varchar(50) CHARACTER SET utf8mb4 COLLATE utf8mb4_general_ci NOT NULL,
  `role` tinyint(1) NOT NULL DEFAULT '0' COMMENT '0: staff, 1: worker, 2: room_manager, 3:admin',
  `room_id` int NOT NULL DEFAULT '0',
  PRIMARY KEY (`user_id`) USING BTREE,
  UNIQUE KEY `username` (`username`)
) ENGINE=InnoDB AUTO_INCREMENT=31 DEFAULT CHARSET=utf8mb4 COLLATE=utf8mb4_general_ci;

-- Dumping data for table timekeeper.user: ~30 rows (approximately)
REPLACE INTO `user` (`user_id`, `username`, `fullname`, `password`, `role`, `room_id`) VALUES
	(1, 'aaaa', 'Nguyễn Mạnh Cường', 'aaaa', 3, 0),
	(2, 'cuong2905', 'Cường User', '123456', 0, 0),
	(3, 'aaa', 'Manager room', 'aaa', 2, 0),
	(4, 'john_doe', 'John Doe', 'password4', 0, 0),
	(5, 'emma_smith', 'Emma Smith', 'password5', 1, 0),
	(6, 'jackson_wang', 'Jackson Wang', 'password6', 2, 0),
	(7, 'sophia_jones', 'Sophia Jones', 'password7', 3, 0),
	(8, 'david_miller', 'David Miller', 'password8', 0, 1),
	(9, 'olivia_brown', 'Olivia Brown', 'password9', 1, 1),
	(10, 'liam_hall', 'Liam Hall', 'password10', 2, 1),
	(11, 'ava_jackson', 'Ava Jackson', 'password11', 3, 1),
	(12, 'noah_taylor', 'Noah Taylor', 'password12', 0, 2),
	(13, 'mia_anderson', 'Mia Anderson', 'password13', 1, 2),
	(14, 'ethan_white', 'Ethan White', 'password14', 2, 2),
	(15, 'emma_wilson', 'Emma Wilson', 'password15', 3, 2),
	(16, 'jayden_martin', 'Jayden Martin', 'password16', 0, 0),
	(17, 'chloe_thomas', 'Chloe Thomas', 'password17', 1, 0),
	(18, 'aiden_clark', 'Aiden Clark', 'password18', 2, 0),
	(19, 'zoey_hill', 'Zoey Hill', 'password19', 3, 1),
	(20, 'oliver_adams', 'Oliver Adams', 'password20', 0, 1),
	(21, 'sophie_roberts', 'Sophie Roberts', 'password21', 1, 1),
	(22, 'mason_harrison', 'Mason Harrison', 'password22', 2, 2),
	(23, 'amelia_evans', 'Amelia Evans', 'password23', 3, 2),
	(24, 'logan_cooper', 'Logan Cooper', 'password24', 0, 2),
	(25, 'lily_turner', 'Lily Turner', 'password25', 1, 2),
	(26, 'dylan_hughes', 'Dylan Hughes', 'password26', 2, 0),
	(27, 'aubrey_king', 'Aubrey King', 'password27', 3, 1),
	(28, 'asher_perez', 'Asher Perez', 'password28', 0, 1),
	(29, 'avery_nelson', 'Avery Nelson', 'password29', 1, 2),
	(30, 'harper_bennett', 'Harper Bennett', 'password30', 2, 2);

/*!40103 SET TIME_ZONE=IFNULL(@OLD_TIME_ZONE, 'system') */;
/*!40101 SET SQL_MODE=IFNULL(@OLD_SQL_MODE, '') */;
/*!40014 SET FOREIGN_KEY_CHECKS=IFNULL(@OLD_FOREIGN_KEY_CHECKS, 1) */;
/*!40101 SET CHARACTER_SET_CLIENT=@OLD_CHARACTER_SET_CLIENT */;
/*!40111 SET SQL_NOTES=IFNULL(@OLD_SQL_NOTES, 1) */;
